[
  {
    "documentName": "Festival Marítimo de Pasaia",
    "documentDescription": "La localidad guipuzcoana de Pasaia acogerá entre el 9 y el 12 de mayo de 2024&nb...",
    "eventStartDate": "09/05/2024",
    "eventEndDate": "12/05/2024",
    "eventSearchDate1": "20240509",
    "eventSearchDate2": "20240512",
    "importance": "4",
    "marks": "Costa Vasca",
    "eventtargetgroup": "Familias y Parejas Extranjeros/as - No residentes",
    "municipality": "Pasaia",
    "territory": "Gipuzkoa",
    "friendlyUrl": "https://turismoa.euskadi.eus/es/agenda/festival-maritimo-pasaia/aa30-12375/es/"
  },
  {
    "documentName": "Feria de San José de Bakio",
    "documentDescription": "Como viene siendo habitual, el 19 de marzo las bodegas de Bakio presentan ante el público ...",
    "eventStartDate": "19/03/2024",
    "eventEndDate": "19/03/2024",
    "eventSearchDate1": "20240319",
    "eventSearchDate2": "20240319",
    "importance": "4",
    "marks": "Costa Vasca",
    "eventtargetgroup": "Familias y Parejas Extranjeros/as - No residentes",
    "municipality": "Bakio",
    "territory": "Bizkaia",
    "friendlyUrl": "https://turismoa.euskadi.eus/es/agenda/feria-de-san-jose-de-bakio/aa30-12375/es/"
  },
  {
    "documentName": "Día del Caracol en Gernika-Lumo",
    "documentDescription": "Comer caracoles en Navidades es una tradición muy arraigada en muchos hogares de Euskadi. ...",
    "eventStartDate": "02/12/2023",
    "eventEndDate": "02/12/2023",
    "eventSearchDate1": "20231202",
    "eventSearchDate2": "20231202",
    "importance": "4",
    "marks": "Costa Vasca,Montes y Valles vascos",
    "eventtargetgroup": "Familias y Parejas Extranjeros/as - No residentes",
    "municipality": "Gernika-Lumo",
    "territory": "Bizkaia",
    "friendlyUrl": "https://turismoa.euskadi.eus/es/agenda/dia-del-caracol-en-gernika-lumo/aa30-12375/es/"
  },
  {
    "documentName": "Fiesta  de la Alubia de Tolosa",
    "documentDescription": "Durante varios días Tolosa rinde tributo a uno de sus productos más caracter&iacute...",
    "eventStartDate": "18/11/2023",
    "eventEndDate": "18/11/2023",
    "eventSearchDate1": "20231118",
    "eventSearchDate2": "20231118",
    "importance": "4",
    "marks": "Montes y Valles vascos",
    "eventtargetgroup": "Familias y Parejas Extranjeros/as - No residentes",
    "municipality": "Tolosa",
    "territory": "Gipuzkoa",
    "friendlyUrl": "https://turismoa.euskadi.eus/es/agenda/fiesta-de-la-alubia/aa30-12375/es/"
  },
  {
    "documentName": "Carrera popular Behobia-San Sebastián",
    "documentDescription": "La Behobia-San Sebastián no es una carrera al uso. Se trata de un acontecimiento...",
    "eventStartDate": "12/11/2023",
    "eventEndDate": "12/11/2023",
    "eventSearchDate1": "20231112",
    "eventSearchDate2": "20231112",
    "importance": "4",
    "marks": "Costa Vasca,Montes y Valles vascos,San Sebastián",
    "eventtargetgroup": "Familias y Parejas Extranjeros/as - No residentes",
    "municipality": "Irun Lezo Pasaia Donostia / San Sebastián",
    "territory": "Gipuzkoa",
    "friendlyUrl": "https://turismoa.euskadi.eus/es/agenda/carrera-popular-behobia-san-sebastian/aa30-12375/es/"
  },
  {
    "documentName": "Día de la alubia de Gernika",
    "documentDescription": "Cada primer sábado de mes, entre junio y diciembre (ambos inclusive), Gernika-Lumo acoge u...",
    "eventStartDate": "04/11/2023",
    "eventEndDate": "04/11/2023",
    "eventSearchDate1": "20231104",
    "eventSearchDate2": "20231104",
    "importance": "4",
    "marks": "Montes y Valles vascos",
    "eventtargetgroup": "Familias y Parejas Extranjeros/as - No residentes",
    "municipality": "Gernika-Lumo",
    "territory": "Bizkaia",
    "friendlyUrl": "https://turismoa.euskadi.eus/es/agenda/dia-de-la-alubia-de-gernika/aa30-12375/es/"
  },
  {
    "documentName": "Esneki",
    "documentDescription": "Esneki es un evento gastronómico especializado en queso y productos lácteos que re&...",
    "eventStartDate": "02/11/2023",
    "eventEndDate": "04/11/2023",
    "eventSearchDate1": "20231102",
    "eventSearchDate2": "20231104",
    "importance": "0",
    "marks": "Montes y Valles vascos",
    "eventtargetgroup": "Familias y Parejas Extranjeros/as - No residentes",
    "municipality": "Tolosa",
    "territory": "Gipuzkoa",
    "friendlyUrl": "https://turismoa.euskadi.eus/es/agenda/esneki/aa30-12375/es/"
  },
  {
    "documentName": "Tolosa Goxua: feria especial del dulce",
    "documentDescription": "Tolosa es una localidad famosa por su tradición repostera. Desde mediados del siglo XIX, c...",
    "eventStartDate": "28/10/2023",
    "eventEndDate": "28/10/2023",
    "eventSearchDate1": "20231028",
    "eventSearchDate2": "20231028",
    "importance": "4",
    "marks": "Montes y Valles vascos",
    "eventtargetgroup": "Familias y Parejas Extranjeros/as - No residentes",
    "municipality": "Tolosa",
    "territory": "Gipuzkoa",
    "friendlyUrl": "https://turismoa.euskadi.eus/es/agenda/tolosa-goxua-tolosa-gourmet/aa30-12375/es/"
  },
  {
    "documentName": "Mikologika Tolosa",
    "documentDescription": "La Sociadad Gastronómica Casino de Tolosa, organiza la feria Mikologika dedicada a la mico...",
    "eventStartDate": "19/10/2023",
    "eventEndDate": "21/10/2023",
    "eventSearchDate1": "20231019",
    "eventSearchDate2": "20231021",
    "importance": "0",
    "marks": "Montes y Valles vascos",
    "eventtargetgroup": "Extranjeros/as - No residentes Familias y Parejas",
    "municipality": "Tolosa",
    "territory": "Gipuzkoa",
    "friendlyUrl": "https://turismoa.euskadi.eus/es/agenda/mikologika/aa30-12375/es/"
  },
  {
    "documentName": "San Sebastián Gastronomika",
    "documentDescription": "El congreso San Sebastián Gastronomika-Euskadi Basque Country, consolidado como referencia...",
    "eventStartDate": "09/10/2023",
    "eventEndDate": "11/10/2023",
    "eventSearchDate1": "20231009",
    "eventSearchDate2": "20231011",
    "importance": "4",
    "marks": "Costa Vasca,San Sebastián",
    "eventtargetgroup": "Extranjeros/as - No residentes Familias y Parejas",
    "municipality": "Donostia / San Sebastián",
    "territory": "Gipuzkoa",
    "friendlyUrl": "https://turismoa.euskadi.eus/es/agenda/san-sebastian-gastronomika-euskadi-basque-country/aa30-12375/es/"
  },
  {
    "documentName": "Kantauri Fest",
    "documentDescription": "Kantauri Fest es la mayor concentración de embarcaciones de Bizkaia. Decenas de botes...",
    "eventStartDate": "07/10/2023",
    "eventEndDate": "08/10/2023",
    "eventSearchDate1": "20231007",
    "eventSearchDate2": "20231008",
    "importance": "0",
    "marks": "Costa Vasca",
    "eventtargetgroup": "Extranjeros/as - No residentes Familias y Parejas",
    "municipality": "Zierbena",
    "territory": "Bizkaia",
    "friendlyUrl": "https://turismoa.euskadi.eus/es/agenda/kantauri-fest/aa30-12375/es/"
  },
  {
    "documentName": "BioCultura: Feria Internacional de Productos Ecológicos y Consumo Responsable",
    "documentDescription": "BioCultura, la Feria de Productos Ecológicos y Consumo Responsable es uno de los dos encue...",
    "eventStartDate": "06/10/2023",
    "eventEndDate": "08/10/2023",
    "eventSearchDate1": "20231006",
    "eventSearchDate2": "20231008",
    "importance": "6",
    "marks": "Bilbao",
    "eventtargetgroup": "Familias y Parejas Extranjeros/as - No residentes",
    "municipality": "Barakaldo",
    "territory": "Bizkaia",
    "friendlyUrl": "https://turismoa.euskadi.eus/es/agenda/biocultura/aa30-12375/es/"
  },
  {
    "documentName": "Primer y último lunes de octubre de Gernika-Lumo",
    "documentDescription": "Octubre es un mes especial en Gernika-Lumo. Multitud de ferias de diversa índole llenan la...",
    "eventStartDate": "01/10/2023",
    "eventEndDate": "31/10/2023",
    "eventSearchDate1": "20231001",
    "eventSearchDate2": "20231031",
    "importance": "4",
    "marks": "Costa Vasca,Montes y Valles vascos",
    "eventtargetgroup": "Familias y Parejas Extranjeros/as - No residentes",
    "municipality": "Gernika-Lumo",
    "territory": "Bizkaia",
    "friendlyUrl": "https://turismoa.euskadi.eus/es/agenda/ferias-de-octubre-en-gernika/aa30-12375/es/"
  },
  {
    "documentName": "Bilbao Triathlon",
    "documentDescription": "Bilbao Triathlon es una cita consolidada en el calendario deportivo de la ciudad. La prueba se di...",
    "eventStartDate": "30/09/2023",
    "eventEndDate": "30/09/2023",
    "eventSearchDate1": "20230930",
    "eventSearchDate2": "20230930",
    "importance": "4",
    "marks": "Bilbao",
    "eventtargetgroup": "Familias y Parejas Mujeres Extranjeros/as - No residentes Hombres",
    "municipality": "Bilbao",
    "territory": "Bizkaia",
    "friendlyUrl": "https://turismoa.euskadi.eus/es/agenda/triathlon-bilbao/aa30-12375/es/"
  },
  {
    "documentName": "Sagar Uzta en Astigarraga",
    "documentDescription": "Astigarraga es una localidad estrechamente ligada a la sidra  no en vano, es considerada, junto a...",
    "eventStartDate": "24/09/2023",
    "eventEndDate": "20/10/2023",
    "eventSearchDate1": "20230924",
    "eventSearchDate2": "20231020",
    "importance": "4",
    "marks": "Montes y Valles vascos",
    "eventtargetgroup": "Familias y Parejas Extranjeros/as - No residentes",
    "municipality": "Astigarraga",
    "territory": "Gipuzkoa",
    "friendlyUrl": "https://turismoa.euskadi.eus/es/agenda/sagar-uzta-en-astigarraga/aa30-12375/es/"
  },
  {
    "documentName": "Artzain Eguna en Amurrio",
    "documentDescription": "Con el Artzain Eguna o Día del pastor Amurrio rinde homenaje a los pastores de la zona org...",
    "eventStartDate": "17/09/2023",
    "eventEndDate": "17/09/2023",
    "eventSearchDate1": "20230917",
    "eventSearchDate2": "20230917",
    "importance": "4",
    "marks": "Montes y Valles vascos",
    "eventtargetgroup": "Familias y Parejas Extranjeros/as - No residentes",
    "municipality": "Amurrio",
    "territory": "Araba",
    "friendlyUrl": "https://turismoa.euskadi.eus/es/agenda/artzain-eguna-en-amurrio/aa30-12375/es/"
  },
  {
    "documentName": "Feria de la Cerveza en Tolosa",
    "documentDescription": "Tolosa volverá a convertirse una vez más en punto de encuentro de miles de amantes ...",
    "eventStartDate": "14/09/2023",
    "eventEndDate": "17/09/2023",
    "eventSearchDate1": "20230914",
    "eventSearchDate2": "20230917",
    "importance": "5",
    "marks": "Montes y Valles vascos",
    "eventtargetgroup": "Extranjeros/as - No residentes Familias y Parejas",
    "municipality": "Tolosa",
    "territory": "Gipuzkoa",
    "friendlyUrl": "https://turismoa.euskadi.eus/es/agenda/feria-de-la-cerveza-en-tolosa-2013/aa30-12375/es/"
  },
  {
    "documentName": "Alarde de Hondarribia",
    "documentDescription": "El 8 de septiembre, día de la Virgen de Guadalupe, la localidad guipuzcoana de Hondarribia...",
    "eventStartDate": "08/09/2023",
    "eventEndDate": "08/09/2023",
    "eventSearchDate1": "20230908",
    "eventSearchDate2": "20230908",
    "importance": "4",
    "marks": "Costa Vasca",
    "eventtargetgroup": "Familias y Parejas Extranjeros/as - No residentes",
    "municipality": "Hondarribia",
    "territory": "Gipuzkoa",
    "friendlyUrl": "https://turismoa.euskadi.eus/es/agenda/alarde-hondarribia/aa30-12375/es/"
  },
  {
    "documentName": "Bandera de la Concha",
    "documentDescription": "En el marco incomparable de la bahía de La Concha se congregan, los dos primeros domingos ...",
    "eventStartDate": "03/09/2023",
    "eventEndDate": "10/09/2023",
    "eventSearchDate1": "20230903",
    "eventSearchDate2": "20230910",
    "importance": "4",
    "marks": "Costa Vasca,San Sebastián",
    "eventtargetgroup": "Familias y Parejas Extranjeros/as - No residentes",
    "municipality": "Donostia / San Sebastián",
    "territory": "Gipuzkoa",
    "friendlyUrl": "https://turismoa.euskadi.eus/es/agenda/bandera-de-la-concha/aa30-12375/es/"
  },
  {
    "documentName": "Día de la Sidra y el Conejo de Bizkaia en Gernika-Lumo",
    "documentDescription": "El día 2 de septiembre Gernika-Lumo acogerá un mercado especial dedicado a la sidra...",
    "eventStartDate": "02/09/2023",
    "eventEndDate": "02/09/2023",
    "eventSearchDate1": "20230902",
    "eventSearchDate2": "20230902",
    "importance": "4",
    "marks": "Costa Vasca,Montes y Valles vascos",
    "eventtargetgroup": "Familias y Parejas Extranjeros/as - No residentes",
    "municipality": "Gernika-Lumo",
    "territory": "Bizkaia",
    "friendlyUrl": "https://turismoa.euskadi.eus/es/agenda/dia-de-la-sidra-y-el-conejo-de-bizkaia-en-gernika-lumo-2013/aa30-12375/es/"
  },
  {
    "documentName": "Arrantzale Eguna (Día del Pescador)",
    "documentDescription": "Bermeo celebra durante el mes de septiembre las fiestas patronales de Andra Mari, que en su progr...",
    "eventStartDate": "01/09/2023",
    "eventEndDate": "16/09/2023",
    "eventSearchDate1": "20230901",
    "eventSearchDate2": "20230916",
    "importance": "4",
    "marks": "Costa Vasca",
    "eventtargetgroup": "Familias y Parejas Extranjeros/as - No residentes",
    "municipality": "Bermeo",
    "territory": "Bizkaia",
    "friendlyUrl": "https://turismoa.euskadi.eus/es/agenda/arrantzale-eguna-dia-del-pescador/aa30-12375/es/"
  },
  {
    "documentName": "Festival Esférica Rioja Alavesa 2023",
    "documentDescription": "Esférica nace como un nuevo concepto de festival, un evento que se podrá disfr...",
    "eventStartDate": "18/08/2023",
    "eventEndDate": "20/08/2023",
    "eventSearchDate1": "20230818",
    "eventSearchDate2": "20230820",
    "importance": "0",
    "marks": "Rioja Alavesa",
    "eventtargetgroup": "Familias y Parejas Extranjeros/as - No residentes",
    "municipality": "Laguardia Samaniego Lapuebla de Labarca Elciego Villabuena de Álava/Eskuernaga Elvillar/Bilar",
    "territory": "Araba",
    "friendlyUrl": "https://turismoa.euskadi.eus/es/agenda/festival-esferica-rioja-alavesa/aa30-12375/es/"
  },
  {
    "documentName": "Fiestas de San Roque y Nuestra Señora de la Asunción",
    "documentDescription": "Numerosos municipios de Euskadi celebran, a mediados de agosto fiestas en a honor a Nuestra Se&nt...",
    "eventStartDate": "14/08/2023",
    "eventEndDate": "18/08/2023",
    "eventSearchDate1": "20230814",
    "eventSearchDate2": "20230818",
    "importance": "4",
    "marks": "Costa Vasca,Montes y Valles vascos,Rioja Alavesa",
    "eventtargetgroup": "Extranjeros/as - No residentes Familias y Parejas",
    "municipality": "Laudio/Llodio Amurrio Moreda de Álava/Moreda Araba Iruña Oka/Iruña de Oca Elvillar/Bilar Asparrena Ondarroa Portugalete Gernika-Lumo Larrabetzu Gorliz Mallabia Meñaka Deba Gabiria Zarautz Aduna Elgoibar Zumarraga",
    "territory": "Araba Bizkaia Gipuzkoa",
    "friendlyUrl": "https://turismoa.euskadi.eus/es/agenda/fiestas-de-san-roque-y-nuestra-senora-de-la-asuncion/aa30-12375/es/"
  },
  {
    "documentName": "Semana Grande de San Sebastián",
    "documentDescription": "La Semana Grande de San Sebastián comienza, cada año, con el tradicional \"Ca&n...",
    "eventStartDate": "12/08/2023",
    "eventEndDate": "19/08/2023",
    "eventSearchDate1": "20230812",
    "eventSearchDate2": "20230819",
    "importance": "1",
    "marks": "Costa Vasca,San Sebastián",
    "eventtargetgroup": "Extranjeros/as - No residentes Familias y Parejas",
    "municipality": "Donostia / San Sebastián",
    "territory": "Gipuzkoa",
    "friendlyUrl": "https://turismoa.euskadi.eus/es/agenda/semana-grande-de-san-sebastian/aa30-12375/es/"
  },
  {
    "documentName": "Fiestas de la Virgen Blanca",
    "documentDescription": "El día 4 de agosto miles de personas se dan cita en la plaza de la Virgen Blanca para disf...",
    "eventStartDate": "04/08/2023",
    "eventEndDate": "09/08/2023",
    "eventSearchDate1": "20230804",
    "eventSearchDate2": "20230809",
    "importance": "1",
    "marks": "Vitoria-Gasteiz",
    "eventtargetgroup": "Familias y Parejas Extranjeros/as - No residentes",
    "municipality": "Vitoria-Gasteiz",
    "territory": "Araba",
    "friendlyUrl": "https://turismoa.euskadi.eus/es/agenda/fiestas-virgen-blanca/aa30-12375/es/"
  },
  {
    "documentName": "Día del Blusa y de la Neska",
    "documentDescription": "Como preludio de las fiestas de la Virgen Blanca, cada 25 de julio, coincidiendo con la festivida...",
    "eventStartDate": "25/07/2023",
    "eventEndDate": "25/07/2023",
    "eventSearchDate1": "20230725",
    "eventSearchDate2": "20230725",
    "importance": "4",
    "marks": "Vitoria-Gasteiz",
    "eventtargetgroup": "Extranjeros/as - No residentes Familias y Parejas",
    "municipality": "Vitoria-Gasteiz",
    "territory": "Araba",
    "friendlyUrl": "https://turismoa.euskadi.eus/es/agenda/dia-del-blusa-y-la-neska-vitoria-gasteiz/aa30-12375/es/"
  },
  {
    "documentName": "Iron Maiden",
    "documentDescription": "El grupo de heavy más importante de todos los tiempos vuelve a Euskadi con su gira “...",
    "eventStartDate": "23/07/2023",
    "eventEndDate": "23/07/2023",
    "eventSearchDate1": "20230723",
    "eventSearchDate2": "20230723",
    "importance": "0",
    "marks": "Bilbao",
    "eventtargetgroup": "Extranjeros/as - No residentes Familias y Parejas",
    "municipality": "",
    "territory": "Bizkaia",
    "friendlyUrl": "https://turismoa.euskadi.eus/es/agenda/iron-maiden/aa30-12375/es/"
  },
  {
    "documentName": "Concierto de Iron Maiden en el BEC",
    "documentDescription": "La banda británica Iron Maiden actuará en el BEC el próximo 22 de julio 2023...",
    "eventStartDate": "22/07/2023",
    "eventEndDate": "22/07/2023",
    "eventSearchDate1": "20230722",
    "eventSearchDate2": "20230722",
    "importance": "4",
    "marks": "Bilbao",
    "eventtargetgroup": "Familias y Parejas Extranjeros/as - No residentes",
    "municipality": "Barakaldo",
    "territory": "Bizkaia",
    "friendlyUrl": "https://turismoa.euskadi.eus/es/agenda/concierto-de-iron-maiden-en-el-bec/aa30-12375/es/"
  },
  {
    "documentName": "Cirque du Soleil en San Sebatián",
    "documentDescription": "Cirque du Soleil, la mayor productora de circo del mundo regresa a Euskadi con el espectác...",
    "eventStartDate": "19/07/2023",
    "eventEndDate": "23/07/2023",
    "eventSearchDate1": "20230719",
    "eventSearchDate2": "20230723",
    "importance": "0",
    "marks": "San Sebastián",
    "eventtargetgroup": "Familias y Parejas Extranjeros/as - No residentes",
    "municipality": "Donostia / San Sebastián",
    "territory": "Gipuzkoa",
    "friendlyUrl": "https://turismoa.euskadi.eus/es/agenda/cirque-du-soleil-en-san-sebatian/aa30-12375/es/"
  },
  {
    "documentName": "Alarde del Moro",
    "documentDescription": "El municipio guipuzcoano de Antzuola celebra un año más el tradicional alarde del M...",
    "eventStartDate": "15/07/2023",
    "eventEndDate": "15/07/2023",
    "eventSearchDate1": "20230715",
    "eventSearchDate2": "20230715",
    "importance": "0",
    "marks": "Montes y Valles vascos",
    "eventtargetgroup": "Familias y Parejas Extranjeros/as - No residentes",
    "municipality": "Antzuola",
    "territory": "Gipuzkoa",
    "friendlyUrl": "https://turismoa.euskadi.eus/es/agenda/alarde-del-moro/aa30-12375/es/"
  },
  {
    "documentName": "Carrera de montaña Ehunmilak",
    "documentDescription": "La carrera de montaña \"Ehunmilak\" se desarrollará los días 7, 8&nb...",
    "eventStartDate": "07/07/2023",
    "eventEndDate": "09/07/2023",
    "eventSearchDate1": "20230707",
    "eventSearchDate2": "20230709",
    "importance": "4",
    "marks": "Montes y Valles vascos",
    "eventtargetgroup": "Familias y Parejas Extranjeros/as - No residentes",
    "municipality": "Beasain",
    "territory": "Gipuzkoa",
    "friendlyUrl": "https://turismoa.euskadi.eus/es/agenda/carrera-de-montana-ehunmilak/aa30-12375/es/"
  },
  {
    "documentName": "Bilbao BBK Live Festival",
    "documentDescription": "Bilbao BBK Live Festival 2023 regresa a la escena con un cartel de marcado carác...",
    "eventStartDate": "06/07/2023",
    "eventEndDate": "08/07/2023",
    "eventSearchDate1": "20230706",
    "eventSearchDate2": "20230708",
    "importance": "4",
    "marks": "Bilbao",
    "eventtargetgroup": "Familias y Parejas Extranjeros/as - No residentes",
    "municipality": "Bilbao",
    "territory": "Bizkaia",
    "friendlyUrl": "https://turismoa.euskadi.eus/es/agenda/bilbao-bbk-live-festival/aa30-12375/es/"
  },
  {
    "documentName": "Donosti Cup",
    "documentDescription": "Cerca de 5.000 jugadores de fútbol base de los cinco continentes tomarán parte del ...",
    "eventStartDate": "03/07/2023",
    "eventEndDate": "09/07/2023",
    "eventSearchDate1": "20230703",
    "eventSearchDate2": "20230709",
    "importance": "4",
    "marks": "Costa Vasca,Montes y Valles vascos,San Sebastián",
    "eventtargetgroup": "Familias y Parejas Extranjeros/as - No residentes",
    "municipality": "Hernani Lasarte-Oria Donostia / San Sebastián Urnieta",
    "territory": "Gipuzkoa",
    "friendlyUrl": "https://turismoa.euskadi.eus/es/agenda/donosti-cup/aa30-12375/es/"
  },
  {
    "documentName": "Día del Pimiento de Gernika",
    "documentDescription": "De junio a octubre Gernika-Lumo acoge el primer sábado de cada mes una feria especial cent...",
    "eventStartDate": "01/07/2023",
    "eventEndDate": "01/07/2023",
    "eventSearchDate1": "20230701",
    "eventSearchDate2": "20230701",
    "importance": "4",
    "marks": "Costa Vasca,Montes y Valles vascos",
    "eventtargetgroup": "Familias y Parejas Extranjeros/as - No residentes",
    "municipality": "Gernika-Lumo",
    "territory": "Bizkaia",
    "friendlyUrl": "https://turismoa.euskadi.eus/es/agenda/dia-del-pimiento-de-gernika/aa30-12375/es/"
  },
  {
    "documentName": "Virgen de la Guía",
    "documentDescription": "Las cuestas del histórico casco urbano de la villa acogen una de las fiestas locales m&aac...",
    "eventStartDate": "01/07/2023",
    "eventEndDate": "01/07/2023",
    "eventSearchDate1": "20230701",
    "eventSearchDate2": "20230701",
    "importance": "4",
    "marks": "Costa Vasca",
    "eventtargetgroup": "Familias y Parejas Extranjeros/as - No residentes",
    "municipality": "Portugalete",
    "territory": "Bizkaia",
    "friendlyUrl": "https://turismoa.euskadi.eus/es/agenda/fiestas-delaguia-portugalete/aa30-12375/es/"
  },
  {
    "documentName": "Tour de Francia 2023",
    "documentDescription": "La edición 110 del Tour de Francia recorrerá carreteras vascas los días 1, 2...",
    "eventStartDate": "01/07/2023",
    "eventEndDate": "03/07/2023",
    "eventSearchDate1": "20230701",
    "eventSearchDate2": "20230703",
    "importance": "0",
    "marks": "Costa Vasca,Montes y Valles vascos,Bilbao,San Sebastián,Vitoria-Gasteiz",
    "eventtargetgroup": "Familias y Parejas Extranjeros/as - No residentes",
    "municipality": "Bilbao Vitoria-Gasteiz Donostia / San Sebastián Amorebieta-Etxano",
    "territory": "Bizkaia Araba Gipuzkoa",
    "friendlyUrl": "https://turismoa.euskadi.eus/es/agenda/tour-de-francia-2023/aa30-12375/es/"
  },
  {
    "documentName": "Alarde de San Marcial",
    "documentDescription": "Cada 30 de junio (día de San Marcial) el olor a pólvora se adueña de Irun. Y...",
    "eventStartDate": "30/06/2023",
    "eventEndDate": "30/06/2023",
    "eventSearchDate1": "20230630",
    "eventSearchDate2": "20230630",
    "importance": "4",
    "marks": "Montes y Valles vascos",
    "eventtargetgroup": "Familias y Parejas Extranjeros/as - No residentes",
    "municipality": "Irun",
    "territory": "Gipuzkoa",
    "friendlyUrl": "https://turismoa.euskadi.eus/es/agenda/alarde-de-san-marcial/aa30-12375/es/"
  },
  {
    "documentName": "Fiestas de San Pedro en Lekeitio",
    "documentDescription": "El baile de la Kaxarranka, la Kilin-Kala y el aurresku de mujeres. Todas ellas son tradiciones de...",
    "eventStartDate": "29/06/2023",
    "eventEndDate": "01/07/2023",
    "eventSearchDate1": "20230629",
    "eventSearchDate2": "20230701",
    "importance": "4",
    "marks": "Costa Vasca",
    "eventtargetgroup": "Familias y Parejas Extranjeros/as - No residentes",
    "municipality": "Lekeitio",
    "territory": "Bizkaia",
    "friendlyUrl": "https://turismoa.euskadi.eus/es/agenda/fiestas-de-san-pedro-en-lekeitio/aa30-12375/es/"
  },
  {
    "documentName": "Zinegoak 2023",
    "documentDescription": "Zinegoak, el festival de cine y artes escénicas LGTBIQ+ recala una vez más en la ca...",
    "eventStartDate": "26/06/2023",
    "eventEndDate": "01/07/2023",
    "eventSearchDate1": "20230626",
    "eventSearchDate2": "20230701",
    "importance": "4",
    "marks": "Bilbao",
    "eventtargetgroup": "Familias y Parejas Extranjeros/as - No residentes",
    "municipality": "Bilbao",
    "territory": "Bizkaia",
    "friendlyUrl": "https://turismoa.euskadi.eus/es/agenda/zinegoak/aa30-12375/es/"
  },
  {
    "documentName": "Zapato Azule",
    "documentDescription": "Zapato azule es una fiesta popular se celebra el último fin de semana de Junio en Ondarroa...",
    "eventStartDate": "24/06/2023",
    "eventEndDate": "24/06/2023",
    "eventSearchDate1": "20230624",
    "eventSearchDate2": "20230624",
    "importance": "4",
    "marks": "Costa Vasca",
    "eventtargetgroup": "Familias y Parejas Extranjeros/as - No residentes",
    "municipality": "Ondarroa",
    "territory": "Bizkaia",
    "friendlyUrl": "https://turismoa.euskadi.eus/es/agenda/zapato-azule/aa30-12375/es/"
  },
  {
    "documentName": "Romería de San Juan",
    "documentDescription": "La Romería de San Juan de Bermeo se celebra cada año el 24 de junio  arranca c...",
    "eventStartDate": "24/06/2023",
    "eventEndDate": "24/06/2023",
    "eventSearchDate1": "20230624",
    "eventSearchDate2": "20230624",
    "importance": "4",
    "marks": "Costa Vasca",
    "eventtargetgroup": "Familias y Parejas Extranjeros/as - No residentes",
    "municipality": "Bermeo",
    "territory": "Bizkaia",
    "friendlyUrl": "https://turismoa.euskadi.eus/es/agenda/romeria-san-juan/aa30-12375/es/"
  },
  {
    "documentName": "BBK Bilbao Music Legends Festival",
    "documentDescription": "Vuelve el BBK Bilbao Music Legends Festival, del 23 al 24 de junio con los ri...",
    "eventStartDate": "23/06/2023",
    "eventEndDate": "24/06/2023",
    "eventSearchDate1": "20230623",
    "eventSearchDate2": "20230624",
    "importance": "4",
    "marks": "Bilbao",
    "eventtargetgroup": "Extranjeros/as - No residentes Familias y Parejas",
    "municipality": "Bilbao",
    "territory": "Bizkaia",
    "friendlyUrl": "https://turismoa.euskadi.eus/es/agenda/bbk-music-legends-festival-2020/aa30-12375/es/"
  },
  {
    "documentName": "Joaquín Sabina. Gira ?Contra todo pronóstico?",
    "documentDescription": "Joaquín Sabina regresa a los escenarios a sus 74 años con la gira “Contra tod...",
    "eventStartDate": "23/06/2023",
    "eventEndDate": "25/06/2023",
    "eventSearchDate1": "20230623",
    "eventSearchDate2": "20230625",
    "importance": "0",
    "marks": "Bilbao",
    "eventtargetgroup": "Extranjeros/as - No residentes Familias y Parejas",
    "municipality": "",
    "territory": "Bizkaia",
    "friendlyUrl": "https://turismoa.euskadi.eus/es/agenda/joaquin-sabina-gira-contra-todo-pronostico-/aa30-12375/es/"
  },
  {
    "documentName": "Fiestas de San Pedro en Mundaka",
    "documentDescription": "Como todos los años Mundaka celebra sus fiestas patronales de San Pedro, el día gra...",
    "eventStartDate": "21/06/2023",
    "eventEndDate": "06/07/2023",
    "eventSearchDate1": "20230621",
    "eventSearchDate2": "20230706",
    "importance": "4",
    "marks": "Costa Vasca",
    "eventtargetgroup": "Familias y Parejas Extranjeros/as - No residentes",
    "municipality": "Mundaka",
    "territory": "Bizkaia",
    "friendlyUrl": "https://turismoa.euskadi.eus/es/agenda/sanpedro-mundaka/aa30-12375/es/"
  },
  {
    "documentName": "Bilboko Kalealdia",
    "documentDescription": "Espectáculos callejeros, danza contemporánea, circo y marionetas van de la mano en ...",
    "eventStartDate": "19/06/2023",
    "eventEndDate": "24/06/2023",
    "eventSearchDate1": "20230619",
    "eventSearchDate2": "20230624",
    "importance": "4",
    "marks": "Bilbao",
    "eventtargetgroup": "Familias y Parejas Extranjeros/as - No residentes",
    "municipality": "Bilbao",
    "territory": "Bizkaia",
    "friendlyUrl": "https://turismoa.euskadi.eus/es/agenda/kalealdia-bilbao/aa30-12375/es/"
  },
  {
    "documentName": "Concierto de Bob Dylan",
    "documentDescription": "Los días 19 y 20 de junio, Bob Dylan actuará en el auditorio del Kursaal de San Seb...",
    "eventStartDate": "19/06/2023",
    "eventEndDate": "20/06/2023",
    "eventSearchDate1": "20230619",
    "eventSearchDate2": "20230620",
    "importance": "0",
    "marks": "San Sebastián",
    "eventtargetgroup": "Familias y Parejas Extranjeros/as - No residentes",
    "municipality": "Donostia / San Sebastián",
    "territory": "Gipuzkoa",
    "friendlyUrl": "https://turismoa.euskadi.eus/es/agenda/concierto-de-bob-dylan/aa30-12375/es/"
  },
  {
    "documentName": "ARF Azkena Rock Festival",
    "documentDescription": "El Azkena Rock Festival (ARF) es un festival de rock que se celebra cada año en Vitoria-Ga...",
    "eventStartDate": "15/06/2023",
    "eventEndDate": "17/06/2023",
    "eventSearchDate1": "20230615",
    "eventSearchDate2": "20230617",
    "importance": "4",
    "marks": "Vitoria-Gasteiz",
    "eventtargetgroup": "Familias y Parejas Extranjeros/as - No residentes",
    "municipality": "Vitoria-Gasteiz",
    "territory": "Araba",
    "friendlyUrl": "https://turismoa.euskadi.eus/es/agenda/azkena-rock-festival/aa30-12375/es/"
  },
  {
    "documentName": "La tempestad de Vivaldi con Nuria Espert",
    "documentDescription": "La reconocida actriz Nuria Espert en compañía del prestigioso grupo La Tempestad of...",
    "eventStartDate": "15/06/2023",
    "eventEndDate": "15/06/2023",
    "eventSearchDate1": "20230615",
    "eventSearchDate2": "20230615",
    "importance": "0",
    "marks": "Vitoria-Gasteiz",
    "eventtargetgroup": "Extranjeros/as - No residentes Familias y Parejas",
    "municipality": "Vitoria-Gasteiz",
    "territory": "Araba",
    "friendlyUrl": "https://turismoa.euskadi.eus/es/agenda/la-tempestad-de-vivaldi-con-nuria-espert/aa30-12375/es/"
  },
  {
    "documentName": "Romería de San Antonio en Urkiola",
    "documentDescription": "Cada 13 de junio, día de San Antonio de Padua, miles de personas participan en la romer&ia...",
    "eventStartDate": "13/06/2023",
    "eventEndDate": "13/06/2023",
    "eventSearchDate1": "20230613",
    "eventSearchDate2": "20230613",
    "importance": "4",
    "marks": "Montes y Valles vascos",
    "eventtargetgroup": "Familias y Parejas Extranjeros/as - No residentes",
    "municipality": "Abadiño",
    "territory": "Bizkaia",
    "friendlyUrl": "https://turismoa.euskadi.eus/es/agenda/romeria-en-urkiola/aa30-12375/es/"
  },
  {
    "documentName": "Día del Txakoli en Amurrio",
    "documentDescription": "Amurrio celebra el Día del Txakoli o Txakolinaren Eguna, una jornada en la que la Denomina...",
    "eventStartDate": "04/06/2023",
    "eventEndDate": "04/06/2023",
    "eventSearchDate1": "20230604",
    "eventSearchDate2": "20230604",
    "importance": "4",
    "marks": "Montes y Valles vascos",
    "eventtargetgroup": "Familias y Parejas Extranjeros/as - No residentes",
    "municipality": "Amurrio",
    "territory": "Araba",
    "friendlyUrl": "https://turismoa.euskadi.eus/es/agenda/dia-del-txakoli-amurrio/aa30-12375/es/"
  },
  {
    "documentName": "Fiesta del Besugo en Tolosa",
    "documentDescription": "En junio el mercado Zerkausia de Tolosa se convertirá en un original restaurante que acoge...",
    "eventStartDate": "04/06/2023",
    "eventEndDate": "06/06/2023",
    "eventSearchDate1": "20230604",
    "eventSearchDate2": "20230606",
    "importance": "4",
    "marks": "Montes y Valles vascos",
    "eventtargetgroup": "Familias y Parejas Extranjeros/as - No residentes",
    "municipality": "Tolosa",
    "territory": "Gipuzkoa",
    "friendlyUrl": "https://turismoa.euskadi.eus/es/agenda/fiesta-del-besugo-en-tolosa/aa30-12375/es/"
  },
  {
    "documentName": "Txakoli Eguna en Gernika-Lumo",
    "documentDescription": "Durante la época estival, entre los meses de junio y octubre, el primer sábado de c...",
    "eventStartDate": "03/06/2023",
    "eventEndDate": "03/06/2023",
    "eventSearchDate1": "20230603",
    "eventSearchDate2": "20230603",
    "importance": "4",
    "marks": "Costa Vasca,Montes y Valles vascos",
    "eventtargetgroup": "Familias y Parejas Extranjeros/as - No residentes",
    "municipality": "Gernika-Lumo",
    "territory": "Bizkaia",
    "friendlyUrl": "https://turismoa.euskadi.eus/es/agenda/txakoli-eguna-en-gernika-lumo/aa30-12375/es/"
  },
  {
    "documentName": "Bioterra",
    "documentDescription": "Bioterra, la Feria Europea de Productos Biológicos celebra una nueva edición en FIC...",
    "eventStartDate": "02/06/2023",
    "eventEndDate": "04/06/2023",
    "eventSearchDate1": "20230602",
    "eventSearchDate2": "20230604",
    "importance": "4",
    "marks": "Montes y Valles vascos",
    "eventtargetgroup": "Familias y Parejas Extranjeros/as - No residentes",
    "municipality": "Irun",
    "territory": "Gipuzkoa",
    "friendlyUrl": "https://turismoa.euskadi.eus/es/agenda/bioterra-2013/aa30-12375/es/"
  },
  {
    "documentName": "Concierto de Sting",
    "documentDescription": "El 1 de junio el artista británico Sting ofrecerá un concierto en el Bilbao Arena M...",
    "eventStartDate": "01/06/2023",
    "eventEndDate": "01/06/2023",
    "eventSearchDate1": "20230601",
    "eventSearchDate2": "20230601",
    "importance": "0",
    "marks": "Bilbao",
    "eventtargetgroup": "Familias y Parejas Extranjeros/as - No residentes",
    "municipality": "Bilbao",
    "territory": "Bizkaia",
    "friendlyUrl": "https://turismoa.euskadi.eus/es/agenda/concierto-de-sting/aa30-12375/es/"
  }
]